﻿<?xml version="1.0" encoding="utf-8"?>
<ScintillaNET>
  <Language Name="uscript">
    <AutoComplete FillUpCharacters=".([" SingleLineAccept="True" IsCaseSensitive="False">
      <List>
        abstract always array arraycount assert auto automated bool break button byte case class coerce collapsecategories config const continue default defaultproperties delegate dependson deprecated do dontcollapsecategories edfindable editconst editconstarray editinline editinlinenew editinlinenotify editinlineuse else enum enumcount event exec expands export exportstructs extends false final float for foreach function global globalconfig goto guid hidecategories if ignores import init input insert instanced int intrinsic invariant iterator latent length local localized name native nativereplication new noexport none noteditinlinenew notplaceable nousercreate operator optional out perobjectconfig placeable pointer postoperator preoperator private protected reliable remove replication return rng rot safereplace self showcategories simulated singular skip state static stop string struct super switch transient travel true unreliable until var vect while within
      </List>
    </AutoComplete>

    <Indentation TabWidth="4" SmartIndentType="cpp" />

    <Lexer LexerName="cpp" LineCommentPrefix="//" StreamCommentPrefix="/* " StreamCommentSuffix=" */" >
      <Keywords List="0" Inherit="False">
        abstract always array arraycount assert auto automated bool break button case coerce collapsecategories config const continue default defaultproperties delegate dependson deprecated do dontcollapsecategories edfindable editconst editconstarray editinline editinlinenew editinlinenotify editinlineuse else enumcount event exec expands export exportstructs extends false final for foreach function global globalconfig goto guid hidecategories if ignores import init input insert instanced intrinsic invariant iterator latent length local localized name native nativereplication new noexport none noteditinlinenew notplaceable nousercreate operator optional out perobjectconfig placeable pointer postoperator preoperator private protected reliable remove replication return rng rot safereplace self showcategories simulated singular skip state stop string struct super switch transient travel true unreliable until var vect while within
      </Keywords>
      <Keywords List="1" Inherit="False">
        boolean byte char class double enum float int long short static
      </Keywords>
      <Keywords List="2" Inherit="False">

      </Keywords>
    </Lexer>
  </Language>
</ScintillaNET>